[
    {
        "timestamp": "2026-02-14 16:43:58",
        "name": "Luis Eduardo Pach\u00f3n Acero",
        "email": "luiseduardo.pachonacero@gmail.com",
        "phone": "3146661150",
        "service": "Agente IA News",
        "ip": "190.69.49.149",
        "user_agent": "Mozilla\/5.0 (Macintosh; Intel Mac OS X 10_15_7) AppleWebKit\/537.36 (KHTML, like Gecko) Chrome\/144.0.0.0 Safari\/537.36"
    },
    {
        "timestamp": "2026-02-14 17:12:13",
        "name": "Mercedes Archila",
        "email": "comercial@iconovirtual.com",
        "phone": "3263451999",
        "service": "Agente de ventas 24\/7",
        "ip": "190.69.49.149",
        "user_agent": "Mozilla\/5.0 (Macintosh; Intel Mac OS X 10_15_7) AppleWebKit\/537.36 (KHTML, like Gecko) Chrome\/144.0.0.0 Safari\/537.36"
    }
]